ID;name;createdAt;createdBy;modifiedAt;modifiedBy
c25d3d05-7d4e-4d02-89e0-7fdf509ab341;Mella;2020-06-22;admin;2020-06-22;admin
3e7c9f66-2548-4add-b6ff-33874e102501;Yankee;2021-02-04;admin;2021-02-04;admin
6629b64b-fa4b-4230-8443-48fea705f4f0;Tommy;2021-02-22;admin;2021-02-22;admin
6b3267c2-17bc-4f4a-8916-39f18efd9c21;Kendre;2021-02-21;admin;2021-02-21;admin
50e27031-a3bb-4ea0-ad86-2921049317af;Aubrey;2021-04-09;admin;2021-04-09;admin
fd918c24-1b76-4fbe-8d9b-5e40c3d609b0;Arluene;2020-10-08;admin;2020-10-08;admin
cff14840-dfe1-4f4f-bced-8300b6018d26;Dominic;2020-08-28;admin;2020-08-28;admin
35799c6b-70e6-47c5-b4dc-a17177c0ceca;Selle;2021-03-09;admin;2021-03-09;admin
8287c325-2106-42ee-9d15-4d65f25928c1;Kip;2020-10-19;admin;2020-10-19;admin
93ad0ed8-f3b3-47c7-ab33-38aa1dae4042;Hymie;2020-12-25;admin;2020-12-25;admin
e4ec1dbf-9aad-4625-94cc-0a8903eb2a77;Hyman;2021-04-07;admin;2021-04-07;admin
93e73582-7beb-496c-b422-6772247d24dd;Eveline;2020-09-23;admin;2020-09-23;admin
adec2460-39de-45d5-aba8-2998787094cd;Sebastiano;2020-06-18;admin;2020-06-18;admin
42d5e828-88e5-43af-b331-1528d6ab2c97;Wilfrid;2021-03-25;admin;2021-03-25;admin
ddc4f2a1-f7ad-48a4-bc0f-43281f9d144b;Onfre;2020-09-05;admin;2020-09-05;admin
7a1261a3-28dd-4fde-aee1-1b2c327ff86c;Karel;2021-05-10;admin;2021-05-10;admin
92038285-368a-49ea-aa3d-733ac22f32e7;Janice;2021-01-02;admin;2021-01-02;admin
1fdeaa27-8dc6-4061-85f7-70805a1acd02;Anderson;2020-11-17;admin;2020-11-17;admin
56589efe-7310-4255-993f-70e044b11a5d;Martainn;2020-06-29;admin;2020-06-29;admin
74f958dd-d2fb-4d73-90bd-bbf8973bb260;Verena;2020-07-31;admin;2020-07-31;admin
56ad985e-2103-47e5-9759-2c944cfcc9c9;Alanna;2020-10-28;admin;2020-10-28;admin
69ce22b0-5194-449c-8212-4b1766872088;Salvidor;2021-03-17;admin;2021-03-17;admin
fc370088-3385-4e81-ba65-a8082fb636a2;Skipton;2020-09-20;admin;2020-09-20;admin
f514983b-2306-4cc4-ad4d-f52a4ab26a11;Tito;2021-01-13;admin;2021-01-13;admin
d5fe0e46-2b6f-4a24-a08a-91c22477ab91;El;2021-05-04;admin;2021-05-04;admin
e343692d-8641-47b3-886b-ad71f8717a08;Marcelline;2020-11-10;admin;2020-11-10;admin
f127c4bb-b057-42b6-a83f-702817f890f1;Lammond;2020-08-23;admin;2020-08-23;admin
792e425c-5fbb-47cf-8049-3d2fbb033bfb;Shawn;2020-06-09;admin;2020-06-09;admin
7f42b8f5-a4b1-4abe-adad-8e5e30d79108;Collen;2020-09-21;admin;2020-09-21;admin
12554f98-22be-4ac7-ac13-f2a61b2254b6;Callie;2020-10-28;admin;2020-10-28;admin
1dca5b73-85f9-49c6-a192-8497ca4f327d;Thorny;2021-05-02;admin;2021-05-02;admin
cdb3ad57-dda1-4a24-bd80-ec0bc2bcb3c3;Erasmus;2021-02-09;admin;2021-02-09;admin
f23aed06-9cea-40f2-b869-8dfaa4ee9ce4;Tanney;2020-09-24;admin;2020-09-24;admin
688bcb3d-063e-4eb9-bec7-adb42b1a8a9a;Gaylor;2020-08-07;admin;2020-08-07;admin
197cff02-adfc-450d-b822-267f5a8fd791;Royce;2021-02-11;admin;2021-02-11;admin
96ecdca2-0112-42c4-8bfe-40ed38295277;Suzie;2021-05-19;admin;2021-05-19;admin
e8dbc271-80c6-4c6a-947f-b3ec9141be9b;Robinett;2020-09-08;admin;2020-09-08;admin
37d02665-8567-4bea-b801-e22b5499be18;Cassey;2020-09-03;admin;2020-09-03;admin
7e72a584-54b6-46a6-a702-de86ffc4304b;Barthel;2020-12-24;admin;2020-12-24;admin
5f8c1db4-155b-4330-b03f-db560cb4cc0d;Heddi;2020-09-14;admin;2020-09-14;admin
47781ec5-65ac-492f-a6d6-dac2a5a62183;Lynna;2021-02-17;admin;2021-02-17;admin
33cfbe82-2d8a-4e3d-b970-45bc87e61570;Uriel;2020-12-31;admin;2020-12-31;admin
1c011553-a150-44d4-b56f-59b3f373d903;Emlen;2020-07-27;admin;2020-07-27;admin
e94fa65b-84da-4f86-acf4-192ba1f94a78;Glyn;2021-05-15;admin;2021-05-15;admin
a5343390-34c2-4837-8dee-55dfd482b53a;Cynthy;2021-05-09;admin;2021-05-09;admin
f81342d1-0fe5-47f1-9e34-4d1898706319;Arabelle;2021-05-23;admin;2021-05-23;admin
d934dd57-95b4-4152-a89f-d317f62b386f;Chas;2020-06-11;admin;2020-06-11;admin
b7f793e6-aa7b-43bd-98fb-4c5e2cbd7ef1;Quinta;2020-09-28;admin;2020-09-28;admin
c19293fc-2ced-4450-869d-8dbd1645f7d3;Oswell;2020-10-30;admin;2020-10-30;admin
617a2866-b584-4617-af71-1aaba434d2a1;Paulita;2020-09-19;admin;2020-09-19;admin
